head,413,2013,P00000000879558637815805_1076_  _032621132951.jpg,3264,2448
tail,539,365,P00000000879558637815805_1076_  _032621132951.jpg,3264,2448
tail,752,277,P00000000879558637815805_1076_  _032621132951.jpg,3264,2448
head,819,2096,P00000000879558637815805_1076_  _032621132951.jpg,3264,2448
head,1307,2131,P00000000879558637815805_1076_  _032621132951.jpg,3264,2448
tail,1416,229,P00000000879558637815805_1076_  _032621132951.jpg,3264,2448
tail,1765,149,P00000000879558637815805_1076_  _032621132951.jpg,3264,2448
head,1787,2189,P00000000879558637815805_1076_  _032621132951.jpg,3264,2448
tail,2272,256,P00000000879558637815805_1076_  _032621132951.jpg,3264,2448
head,2211,2155,P00000000879558637815805_1076_  _032621132951.jpg,3264,2448
rating_1,229,1096,P00000000879558637815805_1076_  _032621132951.jpg,3264,2448
rating_2,640,1091,P00000000879558637815805_1076_  _032621132951.jpg,3264,2448
rating_5,1261,1080,P00000000879558637815805_1076_  _032621132951.jpg,3264,2448
rating_2,1619,1059,P00000000879558637815805_1076_  _032621132951.jpg,3264,2448
rating_3,2043,1091,P00000000879558637815805_1076_  _032621132951.jpg,3264,2448
neck_1,259,957,P00000000879558637815805_1076_  _032621132951.jpg,3264,2448
neck_3,685,1240,P00000000879558637815805_1076_  _032621132951.jpg,3264,2448
neck_5,1304,1416,P00000000879558637815805_1076_  _032621132951.jpg,3264,2448
neck_1,1613,1456,P00000000879558637815805_1076_  _032621132951.jpg,3264,2448
neck_2,2040,1525,P00000000879558637815805_1076_  _032621132951.jpg,3264,2448
head,967,992,P00000000879558637815805_1076_  _041521142331.jpg,3264,2448
tail,1061,2123,P00000000879558637815805_1076_  _041521142331.jpg,3264,2448
tail,1134,2201,P00000000879558637815805_1076_  _041521142331.jpg,3264,2448
head,1079,978,P00000000879558637815805_1076_  _041521142331.jpg,3264,2448
head,1470,942,P00000000879558637815805_1076_  _041521142331.jpg,3264,2448
tail,1611,2155,P00000000879558637815805_1076_  _041521142331.jpg,3264,2448
tail,1671,2181,P00000000879558637815805_1076_  _041521142331.jpg,3264,2448
head,1650,974,P00000000879558637815805_1076_  _041521142331.jpg,3264,2448
head,1913,1001,P00000000879558637815805_1076_  _041521142331.jpg,3264,2448
tail,1831,2185,P00000000879558637815805_1076_  _041521142331.jpg,3264,2448
tail,2121,2153,P00000000879558637815805_1076_  _041521142331.jpg,3264,2448
head,2142,1022,P00000000879558637815805_1076_  _041521142331.jpg,3264,2448
head,2494,1019,P00000000879558637815805_1076_  _041521142331.jpg,3264,2448
tail,2427,2094,P00000000879558637815805_1076_  _041521142331.jpg,3264,2448
tail,2571,2178,P00000000879558637815805_1076_  _041521142331.jpg,3264,2448
head,2578,1065,P00000000879558637815805_1076_  _041521142331.jpg,3264,2448
head,2971,962,P00000000879558637815805_1076_  _041521142331.jpg,3264,2448
tail,2853,2274,P00000000879558637815805_1076_  _041521142331.jpg,3264,2448
rating_1,919,1520,P00000000879558637815805_1076_  _041521142331.jpg,3264,2448
rating_2,1207,1509,P00000000879558637815805_1076_  _041521142331.jpg,3264,2448
rating_5,1461,1543,P00000000879558637815805_1076_  _041521142331.jpg,3264,2448
rating_4,1739,1545,P00000000879558637815805_1076_  _041521142331.jpg,3264,2448
rating_1,1936,1575,P00000000879558637815805_1076_  _041521142331.jpg,3264,2448
rating_3,2151,1570,P00000000879558637815805_1076_  _041521142331.jpg,3264,2448
rating_2,2370,1563,P00000000879558637815805_1076_  _041521142331.jpg,3264,2448
rating_1,2658,1493,P00000000879558637815805_1076_  _041521142331.jpg,3264,2448
rating_1,2901,1602,P00000000879558637815805_1076_  _041521142331.jpg,3264,2448
neck_1,912,1600,P00000000879558637815805_1076_  _041521142331.jpg,3264,2448
neck_3,1216,1627,P00000000879558637815805_1076_  _041521142331.jpg,3264,2448
neck_4,1447,1687,P00000000879558637815805_1076_  _041521142331.jpg,3264,2448
neck_5,1758,1705,P00000000879558637815805_1076_  _041521142331.jpg,3264,2448
neck_1,1950,1751,P00000000879558637815805_1076_  _041521142331.jpg,3264,2448
neck_3,2144,1737,P00000000879558637815805_1076_  _041521142331.jpg,3264,2448
neck_4,2377,1728,P00000000879558637815805_1076_  _041521142331.jpg,3264,2448
neck_1,2665,1749,P00000000879558637815805_1076_  _041521142331.jpg,3264,2448
neck_1,2871,1776,P00000000879558637815805_1076_  _041521142331.jpg,3264,2448